TermID, Name, Frequency, PlotX, PlotY, LogSize, Value, Uniqueness, Dispensability, Representative, Eliminated
"GO:0022625", "cytosolic large ribosomal subunit", 0.12612520107304, -5.21868774648338, 1.82792649602847, 4.40361804399288, NaN, 0.485614399692886, 0, null, False
"GO:0031083", "BLOC-1 complex", 0.0157955281823943, -6.031488262655, -2.61454397734595, 3.50147007210041, NaN, 0.638408624494431, 0.50438509, 22625, True
"GO:0030532", "small nuclear ribonucleoprotein complex", 0.138166054523554, -2.19469604769331, -2.02953367599684, 4.44321603416583, NaN, 0.571526896999077, 0.57619454, 22625, True
"GO:0005886", "plasma membrane", 15.5064680247866, 5.33657646925101, -0.103238568091283, 6.49331205332051, NaN, 0.980465972776413, 3.378E-05, null, False
"GO:0030173", "integral component of Golgi membrane", 0.0482779463204013, -2.72550896806934, -4.2698238676384, 3.98659260682221, NaN, 0.720783016873817, 0.14646269, null, False
"GO:0042555", "MCM complex", 0.0516392267501353, -2.37321482499419, 5.36592686480415, 4.01582063426207, NaN, 0.736867388621876, 0.26056869, null, False
"GO:0005874", "microtubule", 0.590923058896654, -7.15473289965393, -1.4714471276335, 5.07433362293908, NaN, 0.743307611944267, 0.37859597, null, False
"GO:0008250", "oligosaccharyltransferase complex", 0.0394539627330108, -2.66014900937384, -0.263984554053085, 3.89894446686651, NaN, 0.602647357590838, 0.39260902, null, False
