TermID, Name, Frequency, PlotX, PlotY, LogSize, Value, Uniqueness, Dispensability, Representative, Eliminated
"GO:0006260", "DNA replication", 1.52888373885959, 2.95325320055426, 4.85322334613034, 5.56834724702331, NaN, 0.935569260089073, 0, null, False
"GO:0006888", "endoplasmic reticulum to Golgi vesicle-mediated transport", 0.166022903824525, -5.57600629445515, -1.50163403924503, 4.60415042308233, NaN, 0.777926001170905, 0.00982385, null, False
"GO:0044237", "cellular metabolic process", 51.6198386134444, 3.18811076049395, -4.99768949327542, 7.09678828926572, NaN, 0.918102177932397, 0.07159484, null, False
"GO:0055085", "transmembrane transport", 13.6217802288334, -5.63404342549238, 0.9435426393711, 6.51820561297785, NaN, 0.759543744421971, 0.32945321, null, False
